featureid	Intercept	HostSubject[T.B]	HostSubject[T.C]	HostSubject[T.D]	HostSubject[T.E]	HostSubject[T.F]	HostSubject[T.G]	HostSubject[T.H]	HostSubject[T.I]	HostSubject[T.J]	brushing_event[T.before]	HostSubject[T.B]:brushing_event[T.before]	HostSubject[T.C]:brushing_event[T.before]	HostSubject[T.D]:brushing_event[T.before]	HostSubject[T.E]:brushing_event[T.before]	HostSubject[T.F]:brushing_event[T.before]	HostSubject[T.G]:brushing_event[T.before]	HostSubject[T.H]:brushing_event[T.before]	HostSubject[T.I]:brushing_event[T.before]	HostSubject[T.J]:brushing_event[T.before]	final_volume_mL	final_tube_weight_g
99647b51f775c8ddde8ed36a7d60dbcd	-0.36432432337398	-3.97176565805982	-5.2856698932392305	-6.70341462312	-5.23516880348325	-4.59902615730784	-5.7991556480526905	-5.542379851745711	-5.9184644211615804	-6.1640879605032	6.12278491817415	-6.84543004698519	-5.46719079986215	-5.58624726629683	-5.4984627620184	-5.78477750292846	-4.86541397284184	-5.617550998287539	-5.44348118211575	-5.543599117680321	-1.25501462281349	1.42726759676755
51121722488d0c3da1388d1b117cd239	-0.667826763826555	-5.07546438852857	-3.58410283944437	-5.24186379132526	-4.04817210510373	-4.18683932607195	-4.91114431172609	-4.69395529787455	-4.78506922615426	-4.29716844298611	5.277458434924481	-5.8332873887515495	-5.12162041440606	-5.83570459580847	-5.48091034152146	-4.791653792772969	-4.38669393371258	-3.8658618026546097	-5.4099922416681805	-4.939970959110981	-1.4218990600169	1.4325302412633703
d599ebe277afb0dfd4ad3c2176afc50e	-1.32748167915935	-3.78419614414285	-6.91167697331735	-4.20793599305408	-4.09470115974545	-2.74579448883555	-4.55296498090029	-3.45552944700633	-4.33068334949868	-4.34399015643368	4.60613912902772	-4.909989149043599	-3.1416960336267996	-3.6269785771412497	-4.23985334791775	-4.75363049975463	-4.6425334901682005	-4.3222254806331195	-4.44349644090481	-4.585109401627309	-1.01933007896545	1.20635792677224
39c4199fe81f30a5b4b0fd5bf2f43c03	-2.3876852910100896	-4.77816017548155	-2.4220558109028	-5.2798270624663095	-5.94332288578153	-4.2413237530472	-4.43978195935488	-3.6155343012085996	-3.76496982468026	-5.139169761917691	4.43930668197572	-4.44455042547945	-5.8458979703486005	-4.815196097855059	-3.6602253571951002	-4.70102665892669	-4.08586038063679	-4.439224629955629	-5.665154521721081	-3.3653397449691402	-1.07795130670669	1.3304582915169099
4629fbb5dde5f8ee07c2259d2887a8d4	-0.8327353517591422	-4.66117890755247	-3.0936160983783902	-6.061112109997441	-4.85434063151479	-3.5663767594577997	-5.8175012461841105	-4.602300043510541	-4.11206936729806	-6.15750272665838	4.28335530124605	-4.16387191481356	-4.9021617747843305	-3.19866973257491	-3.81032058157559	-4.312680582915029	-4.259068021284681	-3.9217976623347797	-4.83018789197751	-3.9185767063338797	-0.9057418948471808	1.08452107076467
f18a9c8112372e2916a66a9778f3741b	1.5152738173425702	-8.700543543496831	-4.43142911813089	-7.1095974486853395	-4.14493035152555	-7.9359490412952605	-5.42010250240564	-5.741071204947571	-4.81522369278329	-4.12550301291714	5.5313804205507004	-5.33617797560458	-5.81206697002053	-7.32387179232069	-6.38525428928967	-5.698920946036071	-6.04296560000096	-4.83054622943912	-5.94063166286297	-5.243709046526679	-1.59147667348984	1.3204293182951299
a9b4a380d3b76755de55410a3b856df4	-1.22774153156871	1.5468481572477901	-4.5541733803493605	-2.50894660172718	-2.34535490348935	-0.662319852757666	-4.41076296120882	-4.56477617781077	-1.53732371223824	-3.88262696006069	2.8023143466562	-3.65047159857516	-0.9603443719446659	0.0186869492488251	-2.54254087366696	-2.06294641963073	-0.8561156482568809	-2.34143486555134	-1.2312829246694599	-1.1018805393417	-0.0660662299454478	0.436105535076266
f6eb8537456dde7792eff60c8d1e797c	-0.48503842158908295	-1.5375317541749298	-7.118215054486481	-5.786302987911871	-4.11197208240628	-3.30019004528544	-4.760070021450519	-8.03528427641307	-6.72644859445947	-7.68674142100582	6.20080368034542	-6.89236372403268	-2.6791158296167903	-2.9403701434178	-5.413945692857459	-5.17928824893066	-3.8726685733667403	-5.32903098996196	-2.77982828523465	-1.22156618921352	-0.565843666201856	0.875742659614688
0afabc98ba5f06d77586c65dd984e126	1.30350220994359	-3.80837660113882	-3.17383536717721	-4.14073604760425	-3.6022267229855096	-2.74866326038859	-4.103156740963461	-4.30166685144816	-3.7839198101844103	-4.4680062029577305	5.08683926425874	-4.437703282306241	-4.405860839039089	-3.79017156458327	-4.45113071360226	-4.96631250849792	-3.15165490816746	-4.56431475217853	-4.05744287874051	-4.21990000097347	-0.5328155404389171	0.6463132358056359
9eec995d1b7de24deb146bf87c62e8ef	1.37247682408696	7.784227231344469	0.6799782810466629	4.42795878233654	1.98471368476748	2.4103112679241003	1.06855637282133	1.51640940148916	1.74547696220023	5.3284714724802	-0.729620153084397	1.22906812958951	1.63100713714957	4.19711989068559	1.7446579083001998	2.5619126749890198	2.29562013436641	1.8802307552525	2.68692615125827	3.06163407476353	1.8126609677016499	-1.19114966626346
80e2a0cdbbf0ae81a93b6ba374faeb14	1.8479101736963301	-4.37995710054945	-1.63881787679025	-3.2542993467833297	-3.0418883450329304	-2.99483390038035	-2.98532408028841	-3.3615577177277594	-2.95820069206612	-4.54442054965267	3.09101898036897	-2.89832440085177	-4.623738167434929	-4.4280800232929804	-3.56622811712857	-3.6835964726550197	-4.44618640254651	-3.59372654493366	-4.35390934850522	-3.49728273241116	-0.651354456549909	0.698926196144229
ce0a7bedfbc98dbf07eaffbb567102ef	0.506158657831007	-1.05809058825086	-5.56563681385347	-1.69800442872303	-2.2730349190533197	-1.11598606293223	-5.60601418763399	-5.3120247678032895	-4.62222576034921	-1.7976099941946	1.5312369521707299	-2.45850291914706	-1.62605315223336	-1.1130879530949198	-1.8002534762823201	-1.7409819172961398	-1.26116211126958	-1.5215183788112199	-2.15682313348599	-1.53709791986538	-0.421785736686018	0.503901228950625
a978026c6c33bccb8dd70bd2ddbf48bf	-2.55747102900142	1.9530590566008201	0.298575311686311	-0.26854438004749204	-1.7558375485241398	0.27836899573781704	-2.9060873344540603	-2.2208805040589397	-0.20007824791329198	-0.33785171248684004	-0.37830894626677	-0.121729046771569	1.08846229538321	0.19535797738603197	-0.137420262476163	0.852661748017583	0.9978729992040559	1.00060638849224	1.1533119926278999	-0.260920513554344	-1.18593431473377	0.7114289856416041
ab7dc8433c13bb94829daf2872d9d195	-3.6134707848608	-1.4265836683900202	-3.3927976789219	-6.00691175875919	-3.5218708403408505	-2.43980450813792	-7.053251083195209	-5.75857016007815	-6.137720136770179	0.643126299598121	3.2779942210763697	-5.31063965029482	-1.63480359092355	-4.31071788168379	-5.558417029013589	-3.29542742243835	-1.72853238295232	-1.83964171941791	-2.0790700664693897	-5.406007696076161	-3.50645133317116	1.89985396032155
15869fbb559d7a31992e2034442b5099	-4.52873062296504	-4.65631999651502	-4.95481523892709	-6.094689373352701	-6.941239226609469	-4.44680119936487	-4.70716052800417	-4.2803052620164	-8.61520576370614	-5.727631160996059	4.742153113707901	-4.533479601810019	-4.64122891202569	-3.9658375392002703	-3.1222477809393	-4.73341999522277	-4.0843801588884405	-3.98325541551624	-4.26383397485562	-2.4488901981551696	-1.05066137970093	1.5137937894922502
b36ed4cdf7c0f387ac70951a11bddd29	-0.115855358082003	-3.6652407852799795	-1.14222964665719	-3.3347830217863796	-2.54424296692014	-3.31862814610026	-3.42080848962069	-2.43467139761363	-2.7818138588752097	-2.10676593520413	2.85096198879182	-2.83307376570467	-3.4647708512842703	-3.5702753672642404	-3.5702284232580204	-2.75197873583862	-2.80258686255131	-3.0983478122523795	-2.9763326397115804	-3.57112823812557	-1.0231380856096999	0.847502813385134
a7f92909575fd948fad074b72093771e	0.7546421368539872	2.9055675061552697	-1.31235584637948	3.3823645669434796	-0.8162258751690391	-1.52383513634226	-1.40935128480196	3.92978811700429	3.06873345481498	-1.18708533980618	-1.12277811206877	0.8004501753353649	1.14101499542594	0.8838474144893042	0.293839846471591	1.27050270565918	1.1348668842443401	0.464548439426082	0.869647766095919	1.2520775905411201	0.00840011774894922	-0.0988345884817785
d21053daf32f3e2c9be9c6768d6ade32	-2.83305262728328	-6.76216330210279	-7.59399518391916	-6.947034705856019	-3.73793088272214	-3.0112472314121494	-6.2724856689572315	-4.98170500557337	-5.17027479303735	-7.4611883852697405	5.34561819396913	-5.0014990872836504	-4.69962793365121	-1.65657788610884	-4.30152162470456	-4.85589871874877	-1.9525321216455502	-4.64510700042759	-5.446075005591509	-4.3180168756683	-1.12796490848663	1.21853660111249
c84509b5d38955838482e9d6a4770bfe	-2.5013520638525	3.1836923154203998	-3.1780167522175002	-0.0899226110960756	-0.597413886338472	-0.634110166478369	-2.29155820161104	-2.67140388052378	-1.1021440018500601	-2.9627360794759796	2.58028227649629	-2.28317943281893	-1.68825799003243	1.14807194375566	-1.46475323595639	-1.2885106610400299	-0.300314733492477	-1.19688668783222	0.21378400419406302	-0.911510456486472	-0.0320334082901743	0.29458431963742304
9049e702d18015c0f3159c054521811b	-0.24470341159696	0.41217789967943497	-2.7866986694080498	0.374928768298456	-1.8255797512829302	0.568732307505395	0.994414393603802	-0.0397257761231486	-1.99258971107858	-0.5106751415945061	-0.779235059395432	1.75990804963346	1.27256483063102	1.31123512887529	-0.0131846324407627	-1.51753936282226	0.621085336697953	-1.37313333089863	0.729570175153536	-0.494218815251121	0.298512374752733	0.0292990661126429
927381a65ddaa2800255c9186c9b1aaa	0.331635185045057	-5.07252707163404	-2.23680147549936	-4.877777640202219	-4.66243885830045	-8.226156665730691	-4.593465740978719	-4.18031429808055	-3.8563706864203704	-4.97812885977993	4.17200798355043	-4.55683365530734	-4.6756947018206105	-5.77433763540217	-4.12572297014828	-3.5203121708972103	-3.3216824025980096	-4.19377174909626	-3.99605522062131	-6.1180188545425	-1.06112195015552	0.9621176279050171
1275c8657f3502d2f3d7b0d9ec7e1c78	0.00230143265133459	-1.3741551844270101	-2.26738438031503	-4.17376107392567	-3.69936488941312	-2.57394762222788	-4.941872532665731	-4.818951661991219	-3.8341233719672503	-3.8549046013570805	5.88592006824911	-4.14804044432406	-4.41528886333108	-3.6373109231037795	-3.60864099421139	-4.88316838017532	-3.7609188051095996	-3.98052146966968	-2.8490569343740497	-5.48630422367049	-0.495812857753065	0.535606131599551
a67613d18109ca8bda841018545cb1d7	-3.02364038630123	-6.46591486612867	-4.7329384984714595	-5.81327212271946	-3.7941588051617097	-3.48181553070566	-5.850394389778381	-3.3484277681580603	-3.40963530434029	-4.42747015692959	4.864486163482071	-5.0891533202624695	-3.5224652864038903	-4.6147055039448395	-4.91708865322705	-5.21153835526535	-4.52859125445996	-4.05778255994831	-5.6088148703748795	-3.9238633999068795	-1.46208683610561	1.39228544075907
2a2f3f401b002d68e17c880024e07b27	0.5799345453203261	2.48846278508593	0.422223001505647	0.9788759309266301	0.36779321357607797	2.67753128821829	0.5058885261416439	1.10032701928701	-0.183826683887413	-0.7666551563955308	-0.22016971744597	0.10389742188687802	0.5740765951573851	1.24882811212114	0.32899418912295797	-0.10414205065795401	0.20654790688838298	-0.0253922038844649	-0.252711509721952	1.10541297109531	0.5133574360549179	-0.22352071042239102
db6086608389f922cfd2e33a3a6826f5	0.42107511357670396	0.29357753117967894	0.6475705204265451	-0.484571639874152	-0.0432289727032185	0.49583487327077597	-0.619289334118366	-0.6300201372376509	-0.44774460686104606	-0.284674832604027	0.336035078391433	-0.723180920550866	0.0462312124669548	0.985455214019333	-0.378678883691983	-0.236451010618891	-0.146171876894576	0.4092186397739821	-0.261200164812284	-0.812786568089256	-0.137968147403028	0.0929359651070887
98b8fb4e2dc98e89e2063eb5ad56978d	1.03794003323918	-2.58313228766035	-1.2214780750019198	-1.46134633240955	-3.7201931364834304	-0.224196388173316	-4.303720290958879	-4.47983073751841	-2.05363774193185	-2.3784422371602996	-1.1689702812582299	1.7762893133663702	0.39002937301993296	0.9785806527095179	1.56253567777042	0.0201374483960013	0.549546411527055	0.454342216891902	-0.169655536668974	0.41803361089634	-0.180528367167738	0.31775312189877597
d2a8811affdca18fbfc7aa973a4d8ca1	-0.6414353172361321	-9.67183222452711	-3.91720113179513	-6.40794438538807	-4.18132399395108	-10.5632180709126	-4.76399677544832	-4.9180963591805495	-4.33447325123208	-2.76102823951016	4.0234807189554	-4.72742882437472	-6.00245284810662	-8.18569856977889	-5.00317415156003	-3.31505880824157	-4.47240094255124	-3.5080632262996296	-5.08003557230778	-5.802564609928861	-1.94057550490501	1.6059315062028199
9825426be20fbb54b2a7f72ee7d48d21	-1.51880358858699	-2.48215295950483	-0.336496919606414	-1.1386048239256699	-1.41608964279294	-2.5971385974170897	-0.7372536018490792	-1.17357158224497	-0.351512669452599	-0.5992743466115961	0.750218218192458	-0.996458680102868	-1.4664369203150298	-2.2195792803806897	-1.32636889376278	-1.19228444567749	-1.9543944091669199	-1.07388940389667	-2.35352585222073	-2.2240753063399903	-0.639732981330183	0.6569832420808129
4c77b4a241dbcc5b0a1156a672494d3c	-1.73625468416805	-2.10321714560102	-1.86354503056833	-3.2869474333311803	-5.736248601228	-2.86086340134165	-6.87249868661165	-6.948396320747481	-5.0318614233817405	-3.9467205498434104	3.30871898494661	-2.2532006806827	-3.31770759597421	-3.77031809187361	-2.86923440851803	-2.7777601288897698	-2.49467189024602	-2.8762332492641	-2.3207700004751297	-4.4934139141280705	-1.2336010730326399	1.1343802071076698
546f2c0a74a88e6f1f37a2366edb0060	-1.28347473545665	-1.0175770727784499	-3.57603976151773	-3.5167862814452002	-0.19761835411191	-1.1154937285663797	0.0530839607119562	-0.0186829523316447	0.889472724071571	-1.7860371563650101	2.88670856319368	-1.3178183145022802	-1.75452643409371	-1.5854490408939999	-1.8981264487707201	-1.0256479786975	-1.3939002246728998	-2.4594914012721603	-1.7859196415121101	-1.9183604606826399	0.146011387699816	0.161110327289706
8f0ba2d0c4a91f9303ab9e1b48d9f92b	0.23317319945698298	-2.48385348002027	0.0903371868388989	-0.223656837322882	0.4020215384662151	-2.1787030238392098	-0.290723259747028	0.0474705739745076	-0.605578659900597	1.03906851074924	0.42342931590974303	-0.109014660785241	-1.4634419061243502	-2.2030149111790296	-1.68390163340207	-0.229449133787837	-1.34445125769292	-0.835966258602483	-0.55628511812039	-2.10842942087246	-0.865264052754667	0.488282725856906
7144de9684c83011bf5f22cf3b41d0f9	-3.47879552050228	-2.11253859678816	-1.45362028500864	-3.4082292955900897	-2.10969196632504	-1.43427534286997	-3.74832886010408	-1.7228543714753202	-1.8425600518073402	-3.61397213675747	0.9622929748147729	-0.817690045306725	-2.40768438354135	-0.880852044586624	-1.07704171099301	-1.93329320422241	-1.24067289541875	-1.83648863370929	-3.0105325927907995	-1.5214218982894498	-0.7725146657288341	0.948491678283816
4333f97aaba82904f5975cf89c540fa3	-0.702950141864962	-2.21764363924574	-1.80245551488229	-0.632820789196662	-0.652127612382174	-2.52858610336802	0.0031934425234796397	0.47677374322499605	-0.616029023059776	-1.3094260189748799	0.709383314475417	-0.325589806506676	-0.409242210537196	-0.7844885001225129	-1.01787241854306	-0.35043130389281707	-1.98682481955205	-2.16419807012592	-2.07192728425809	0.718860160426369	0.310547148579333	0.170159027622347
5a7b1b9e2a54e153cd274e59b198fd0b	-1.5910161654531398	-1.09552254358839	0.30898132898977804	0.148996170184442	1.55700267478824	-0.9580356616260749	1.4440575286746	0.14796686608876503	0.9834167967949599	2.6713030841135	-0.7804476562887429	-0.0751148766971061	1.48666328415275	-0.566046536926712	-0.422678555628019	-0.0193327473742624	-0.784855195986373	0.795787662906307	-0.0536553611928996	-1.2511820682723602	-0.912754321700361	0.466144785926943
d3a5dac580af1f9ccc6f516d334454c5	1.87599063710576	-6.391600748697031	-1.9476877155048502	-4.28949088273304	-5.308667514473201	-6.36667020504496	-5.1534760549664504	-5.92527344386492	-4.725954054721759	-3.1569675896383305	4.19996554218233	-4.50282970137362	-4.2522372581064705	-6.58247161007353	-5.0691031769716295	-4.306541900549621	-4.51767731617604	-3.88342991407428	-5.025723819988451	-6.983381260319481	-1.19446419761184	0.903956339405184
bc463e566d8e2991814f58f7a90dea13	1.9807357867181798	4.40704999288012	2.41288080790213	5.0419247704957195	2.7597762458026405	1.8282847862956797	5.9043317481875395	1.9986949010619097	4.34430813895805	2.09982424042454	-2.7796074692159904	3.08991751008268	3.17714113220572	1.3871905198054701	1.8487333401239299	2.8654738856213395	1.2641636638769098	2.92733082239117	1.48936679456882	3.01817990453648	0.21089605032798997	-0.674872591449613
0bacd0a54dbb68d4fbb00d777c5d124f	0.0213626106203135	0.5501631291716229	0.874805360819612	-0.33396214661853696	-1.12462698295712	2.16349654014089	-1.03046315461397	0.98558283288564	-0.9480936516608509	0.341449072577857	-0.0449792686849833	0.16356930070157502	-0.38975149169564294	0.726366220946823	1.32497492871646	0.16663565167358899	-0.103585550295455	-0.254824309902531	0.0374148139779988	-0.36551808206630604	0.22069696127769697	-0.0335282825964636
a0946629e7054c9638dd5d2991e1350d	-2.04621254606838	-1.1946667639405602	0.41906872370413295	-2.80828732667225	-0.989971984177828	-2.52503986542246	-0.6477116897702221	-1.15842294256602	-0.558676480182579	-0.781127640984154	0.36240321956574895	0.6397479467892221	-0.7822132684290409	0.00626152658036805	0.37384644589786	0.20314468869141103	0.19809501458491602	-0.0741216235927169	-1.3700892677480803	-0.0217256435592263	0.177258765095446	0.22108046774685897
fdb7f3c00d2654ea0d3f8afcd3c19024	-2.59570311709041	-0.508206745782601	2.97263184168509	0.8581393319581241	-0.133308280259371	-0.9188637274982672	0.594524447619915	0.42096901376332596	0.63953662025077	1.71617059967747	-1.9604498688131597	0.784547179272132	2.06273979172111	-0.6842115531010279	1.62334052167301	2.44171728619507	1.12270372201289	2.6126669353672405	1.0418761024301502	-0.0890035518844217	-1.04949734569195	0.5493439293366721
f540d33e721da6d5f306137ed0fabbfd	0.320894249242597	3.0343516858427697	0.6548036632793289	2.50398665251476	1.33180202171206	1.4983072739360601	3.4926305457949596	3.39018202264394	0.36667752372367096	-0.0240618679739004	-0.17506044544279598	0.7931726866268679	1.8111290358007	1.445951639648	1.2540597065485	0.871595521058355	-0.28924305151615803	-1.48591867025409	1.4005925903146699	2.0688977351944398	1.43979839026329	-0.7972945713537879
6f47312c16018daf100523ef19e3c2e3	-1.69778346224422	-5.18531455675672	-2.06918653867074	-3.53948301491993	-1.0331863053143	-4.55467980613134	-6.794952626526361	-6.174176628994089	-3.28074526680367	-5.67611659505138	3.43860346637666	-3.6137692040896803	-3.54566687121987	-5.33782380915114	-4.56229790606137	-4.1032829093081595	-2.29414899061833	-2.62057557638202	-5.1072648217851695	-3.36924814073635	-1.6859017854988798	1.1850331581097902
a3c411aae6e316341d505af6ca75243e	-0.4059786680221029	-0.993225952783333	-1.12778624913522	-0.133682433941535	-2.48728500679135	-1.19540639107249	-2.26455682069063	-1.18572139303599	-3.11715650452035	-1.6451622936941201	2.7367437537759502	-1.5232631272769401	-2.08975797668099	-3.2170363078159903	-2.27974780954953	-2.9426694916827296	-2.2599924297205	-2.90695515211139	-2.346285318392	-1.91412233202053	0.147888934010241	0.17750363116086104
14ca6a8129ff8d410ec8b813f368c9f3	-0.27043210669154605	-4.701813837686291	-1.29130396268198	-3.68673462090748	-3.67247973755002	-5.2319092888119005	-3.54750054627657	-4.096920962738141	-2.95330047500985	-5.4610296581007	2.3404300864785896	-2.35887494749789	-4.5406599618494505	-5.06122708416411	-2.0119999305212097	-2.41090355387756	-3.40790242861424	-2.9201766544154704	-3.56833813096829	-2.10208629457546	-0.43863275111320293	0.693772063301211
41f72ea0560d754315315bde107b5afc	1.08400393323308	5.44989285787035	1.61373081782034	1.91824656309826	1.41881288215518	5.46564535911062	1.38781124800444	1.74655485589589	1.4529263983879799	5.510091116645241	-1.68634622730315	2.4369462423824797	2.45155424103141	4.887898622985401	2.3684901340997597	1.31540550717286	2.93305604745235	2.38350853387799	2.6769106635873703	0.749874126033059	0.8093068951308459	-0.801210596515531
d3665d676c8fd9363c69c743207dd58e	-0.51947956486339	5.77474007924486	0.173697858835969	2.43254023375256	-0.366046298295259	0.00240711982228969	1.3956309005618102	-0.129078860687358	1.2625505934868502	-0.21123141982326601	1.3645508941262998	-2.45419564909701	0.541484775394201	0.9644791474299771	0.0195802792108486	0.190210003937993	1.1282383709081598	0.410449356479305	2.2562520751779505	0.6359763255875021	-0.0862460976898936	-0.218415930225248
95417e07c236ac7acbf5d66358df296d	0.9592890818536809	0.494113782247795	2.17024126627615	1.0725272256348801	2.22532333061099	0.730466888499048	1.20948130339384	1.81433439691152	2.63778901206596	-0.17168540694484805	-0.227958852425218	-0.0255652970767448	1.10944742187858	-0.387025178436722	-0.0454860583746006	0.626631875123296	-0.286564180361373	1.25409826700177	-1.05362245942898	0.9881816020767601	-0.160816515094068	-0.224584414913053
fd4374a0c15e1ca291f9ba2f1d6e15e4	-1.22641270561809	2.46139798482348	0.7874416408794258	1.80704336943371	0.835508476942778	2.06007675940969	1.25870186537504	2.43288040597524	0.965810061565468	1.02750282547703	-2.29351776279509	3.3964227133297498	2.36771959289908	2.64202040338091	1.0904249294794002	2.01421370037964	2.57726972390498	1.82956060831036	1.42446448896579	1.61883927495884	-0.575123870974806	0.12219803099453999
6e6ba3f1d999799f0ba2687bbb293ab2	2.0323460181177198	3.5570643933622996	2.37883797266654	4.97172766508801	2.5084592215716803	2.72322087104299	1.7865119621157601	5.84665251214589	5.14339566337211	3.5652201678537403	-1.51989954151213	1.7399209433102198	2.736808719486	2.3635804047542	2.21493521771793	2.55548395642212	3.0208937435277905	2.9872158474155803	2.2873046645944504	2.24679804952549	0.9520488136946891	-1.04915137524783
1c8e4345e379083be44a9fc59bb13632	-0.5285889874278971	0.210496762594474	0.44927254297903596	1.41576128782971	2.86981261894107	-0.7563676375629641	2.5647531196475	1.5964021726378401	1.5434267531548203	3.41001730225315	-1.18347232975066	0.520436614086585	1.1422113798558702	-0.8538554320377959	0.414452467778964	1.4348241282360898	1.1698009281286201	0.80619987909283	1.6857507476633	-0.100766170902976	-0.38976540625694106	0.0474067187768275
4415a64d748a0018388e779b17642d6d	2.62692404584294	4.2827290089934	2.3188032207744502	5.15255575957043	3.72599185630679	5.98554282004812	3.45699650496244	3.2979931874999	3.18664097892387	3.25951795838108	-2.1924740616232197	1.6896861486935202	2.91752141937613	3.7400581231074703	1.74892417035465	0.674029011811529	2.19410245705928	3.0580843395420496	2.52500226591281	2.81716920049595	1.17936280905602	-1.1647350334662099
900a2b113b17a2705180ed5e1558ada4	-2.4874393860876	1.25685963948656	0.280626207377229	2.79707842650158	1.6340757720172399	2.6032457810161405	3.74103028029203	1.96848822076406	1.54409480201347	2.73074655792942	-3.1053282562643303	2.13449320130582	2.7937821768224196	2.92045420312456	2.49964896283512	1.44428314694336	0.877222707761185	2.6120365566441	2.04080941770725	3.0498113742630397	0.484313523167345	-0.128260567142362
13f5aba07d66b4d4f6a20ccd480a3836	0.811192401212507	-0.25505675951551104	1.8898448047893401	0.7951896745179381	-2.08060942962766	-1.0489754218342	2.3566699668765096	1.2064552350768	0.125346423259804	0.9644916560434341	-1.2614428345114	0.656455367138343	-0.352362213283778	0.134405790801559	1.19260731778507	1.9730369044201699	-0.700001070009811	0.522758335513728	0.624492908460421	-0.9017248043258279	0.522003208988878	-0.194056346370572
25d0bc970ce52db647439b74f905e506	-2.7133681695043497	-1.33245601336073	-1.7094880046588998	1.4392865258668202	0.659241329878569	0.265317962717798	0.34466654509306	0.387541298461812	-0.651814698108605	-2.32549328543911	-1.05173652805388	0.9390209608578249	1.4165415190160302	0.0505158295588837	0.8705672367608971	-0.399459223662104	0.146136930478471	-0.47553411062274603	1.35720422361545	1.38160372884678	-0.123966420298841	0.3669416165810879
f451900d696a7555f2d77a94148dbab5	0.0951166232049998	-7.58828868547987	-0.327456087086882	-8.469317499973942	-3.83165358379483	-8.712737037587381	-8.51349728852511	-8.07335257093821	-8.453322171100549	-7.6150384638525	3.82141858898103	-4.24057450957064	-4.38835733905435	-3.9934720406574904	-4.36688717760678	-3.2890127705676204	-2.6748197765222597	-3.3145774894527	-3.36640808488675	-3.88817356912685	-1.43398907244804	1.14765860204518
cb8a55dfc2326c0724f7638b92653ee7	-0.5231773923217721	0.49831662496019696	0.371447473551545	0.770915325305292	-0.440501559525728	2.3985553246257596	-0.757280285656452	-0.157555575775248	1.5442054282341697	0.120454600074195	-1.06294935382903	0.37319168381925105	1.58044809326529	2.00501459741167	0.934396658757968	0.8646561098950251	1.77126615334834	1.42470583383526	0.7542827377145709	1.20944262655186	-0.49601837456825004	0.0483276105386072
e3ed7d00c8d0300eb6ae57c458de95b7	-1.80674075289363	-3.9522441962600805	-4.701916247819151	-1.14354438004749	-5.941552747040991	-0.689408733296607	-4.72234659940004	-4.5562340573540805	-4.60887920750039	-4.932190010330769	0.553459471091628	-0.9213954514956899	0.565698089450597	-0.427503884796585	0.256978426793856	-0.9280508565051221	-0.480950185762985	-0.7366606288722579	-0.5703789940054	-0.10351418344570099	-0.226556027537611	0.5876213765603361
41f67443ce8207be0c0a956c47823417	-1.85603784723873	-7.626766821542491	-1.7906580867511899	-5.122995678761179	-3.8582218773662995	-8.79574723427317	-4.936294968426231	-4.5112857774964406	-3.7877829064215898	-2.63721437194119	3.5000932868570094	-4.0655678815341405	-5.24138326719403	-6.8363161692661905	-4.892132426878169	-3.0611024903399597	-5.9885526389948	-6.19113901193653	-3.27660272027798	-8.2447540649612	-1.7994828468621	1.45709800970674
15f92246da9d186be06e176a3eb7a8d2	0.237547941964918	1.67575583775927	2.0815166530864597	4.0547431069825395	3.0434490554034705	1.7486000519512002	0.414178912341595	2.13997507531728	5.305585147014691	1.4960802104257602	-2.9466330353170602	1.6386331015133402	3.41399282440543	0.64933270120195	1.76771107755069	2.6866418314831604	3.22406451989497	3.1599691814609905	0.679941440564913	2.52354813726353	-0.652607942229536	-0.10020537610232301
7e2f2185876e3c49bf9da70b15308e79	0.5639457185686171	2.72586045583178	6.015830427195341	0.96744376005871	1.6725055091082999	3.80322031791189	1.27361256331205	3.0396409078368105	5.4886581908379295	1.8293464686654999	-2.06670063175261	1.64775213532682	1.02387374863028	2.6060258736567796	2.54751292310123	2.8587275935070897	2.9524428157934097	3.04499229852642	0.9121783027475301	2.8012142291824706	0.28137961565849495	-0.5750267052191441
d52e04b709b766e4f29c039ba7ab1cb2	-3.3472239892065	-5.78623404184889	-6.4595458211643395	-7.015153620817831	-4.47863440588117	-2.3234881896259503	-4.9110227778554005	-6.30679422180567	-6.3873317231025	-1.79342288710842	0.293606108054519	-1.12455287642245	-0.9478564836084851	-0.578042806152786	-0.31364544787045	-0.280331950102534	0.286061933530228	-0.599254279690129	-0.626863693254667	-1.3839735874374	-1.0696066713393	1.1987616277200002
2ce5e8a89de78b532263e4baa2fbad54	1.79799152211552	-6.28929271380018	-1.88894590756723	-3.07076210198658	-1.13156496360898	-6.12355740253947	-4.06089907437563	-5.13308465044413	-3.4278635968055	-3.70679230429897	2.85667974315584	-2.17285695738558	-5.17288690581918	-6.96198266840407	-4.30281790651913	-3.6583577202899105	-4.59926707457219	-2.6550151401332402	-4.53990892078229	-4.823392797394519	-1.1416682845414	0.77992598776639
e122b3acedfe1a819e2e7983bdadf10b	-0.419708564418501	-1.26565804163526	0.5900444088237621	-0.155291740276984	-1.45598517730832	0.19759230430104896	0.529754702746868	0.28256130654897	-0.908213375934532	-1.06785602309475	-2.3146769348532	2.5733102255367797	0.262169780582189	2.3961073746638597	0.7733720882928801	0.780929703797613	1.4735924511083502	0.7097028202244221	1.03023507688693	1.24530697973179	0.23702827631828502	0.0828137851220423
db870fbe8d7d9d12fe45bdf880a42b9c	-0.017769567209429002	1.7710050137846598	0.439546972300325	1.84616595091564	2.6194974295795	0.6575694542644279	3.0292697593569797	2.56252813775625	3.35766625510795	2.63088541290989	-1.1360556427389399	1.25802835755582	1.6589335821568998	1.19391649865678	1.28424159131412	1.29148926266602	-0.40075905035649	0.9442728466221272	1.4479635009592	0.848235141352883	0.0701859348952505	-0.255038216068143
35170b61f6f84e19df0b63e6f9868ca2	1.7602992136896203	0.114113190969718	3.57035294153861	1.14257841887219	2.12712920829654	0.0751858216045163	2.09696728438139	1.2712340398558601	2.7875940810356803	-0.0050775501943594	-1.93764465488493	2.30227407746549	-0.0634475328028206	-0.266359628204788	1.1195453747308701	1.8579236460583501	0.464724233640092	1.8722194141575301	0.6432907829111041	2.03912068517613	0.29819706618187203	-0.33574314351260104
50945cab167d1ed09f35a03323931193	-0.949894837576098	-7.237683436074961	-2.0207308234913	-4.25396103081959	-3.02844249084592	-8.48873753731272	-4.80946015864611	-6.335083122657879	-2.68634891403573	-2.6442965958333997	2.2338972743600602	-3.1834549016452303	-4.481915471702809	-6.315305114750349	-3.33689030565854	-2.04683456889221	-2.82304055403386	-0.9124919467738689	-3.5999719848806397	-6.78576790182186	-1.93570813000801	1.38414944772542
306140f2902fbb1306821bccd3bf2436	0.22723764972096	-5.811866661706669	-2.09541639706918	-7.1690610986735095	-5.1580019481480095	-6.7495500582935595	-1.45003407746553	-2.90409802954112	-1.54692721260445	-2.97363180854092	2.51750165782869	-2.78761115736727	-3.10491114631295	-2.16115456915327	-2.1165948764288	-2.06795344821044	-4.47446108769093	-2.77015939291034	-4.3508646240408	-3.02092479555202	-0.6803069359123969	0.7171577668649008
5b9cc5f3383146b1bdc91664611ad490	-1.79351805849666	-2.24362113157819	0.260331541086946	-1.78017491517322	-3.7703710682690095	-0.5166453856708739	-0.0721797302365301	-0.84362220327769	-1.23529076469796	-2.41222829558621	1.03072482906282	0.20370039277310897	-2.30551630035043	-0.648297132019485	-0.318019475122647	-1.7364109562976	-2.7610836715570497	-1.21020141180072	-2.35154793168851	-0.683429706974754	0.01380816637871	0.380697414920931
4575f71a6cf9471ed8e03d4d8886cb99	4.19219232396489	4.89379678090502	2.9616674480693703	2.32056265654308	6.514072071760889	4.0379701119182405	4.14901215285063	3.03360224206533	5.9991543303643	3.00138216278782	0.728176420554519	2.11579927735563	2.85002225860953	3.47099989556841	1.6570419415033302	2.9189654780285696	3.35180442620601	2.97535976831402	1.83939435575656	3.6403379550735897	2.25819638907311	-2.04723973508059
fde71fd19ae125edac13405754d05654	-0.956663243013567	0.45439944585253095	1.96183910944632	1.84042387785656	1.038160931319	1.26667837913015	0.595440928637982	0.466047768188375	1.00390553580863	-0.7282759640432359	-1.6911651436239499	1.25849375062223	0.9643139265477649	1.77235382699541	1.97035161099796	1.9310018015759298	1.51358526040401	0.878820270938533	1.2430064925973798	2.29422331960606	0.619279896610949	-0.24555940861880202
c3acff7e2b1c14c645393fd67c4cf4e6	2.27739454106694	3.3849705251066804	3.8867744503276698	4.07706290068371	1.9345919005572798	3.17217306907156	1.54614454954863	2.35503864724721	5.46991944419486	2.20049791596165	-1.8128182236105201	1.9424880438351202	4.11875432953238	1.10477226876787	2.2000655277765198	2.68822206982544	3.1936413555272996	2.89730629388775	1.1231262931650101	2.86033059270786	-0.470065796977308	-0.5761477493780799
3c9ba9bac47d37ac83072ab5736d52b7	-1.70731650992031	0.586706498464836	-1.44575771710702	-0.44595021424549	1.76708282157779	1.02467779929617	-0.463836605846882	0.63294029672231	2.8130381117974	-0.7201106045461659	-0.352626973763108	0.861686080028968	0.611198844760656	1.18443602227739	0.513551627019686	-0.17340741625854	0.518909624112504	-0.358417659359318	-0.10076353456326101	0.758826266841164	0.0905361527144644	0.0583812451821619
1eed5bd1a3e6a65e5f10e0643e60f515	1.93982649640446	4.23569760640551	1.83194199183157	2.17791872801525	3.5608993880450694	6.583840892863059	2.19895846098661	3.76220846612539	2.78559994804008	2.1476576831125302	-0.9654962364584209	2.79267534547086	2.29023832306266	4.24278849267534	2.5268000706232003	0.996486802186284	2.4929944782384803	1.7903941578098703	2.84769561384372	3.10376359136509	1.59594753920433	-1.28187508816897
8e1cdd964cdb3d1f18cb6d13d9d661c3	0.895920999807173	3.411010125479	1.7585238514202	5.975118930957151	2.4269000403583	3.4858422737834704	1.82714325636625	3.8353800817259707	2.12993073569877	3.28581552765598	-2.25972049869597	1.5581544333004498	2.7286300085485	1.56579702996782	2.4471820934808703	1.7381044817822298	3.69628780175533	1.8995884365269098	3.08017089460544	2.5856542697708504	0.7202908152281969	-0.750312998248929
47866fc93c1bb26e7cd16cf31509866d	-0.576857216197199	3.0434049161284102	1.55095472910574	4.11789160551769	1.05011190101504	3.77571253592947	1.9421616241335902	1.88380241830434	0.797051192394325	0.6920159365915289	-2.18770950473845	3.80322679810758	2.54324525818229	1.1562935700373997	2.92874041638736	1.2808300448315502	1.5538274555334	1.53529056970562	2.5134098777597402	2.8609275928299303	0.8201330059706899	-0.509918882800931
e7d53a77ec701e151c4ed6ef5e82e584	2.22589016751652	2.53599009831835	3.37239590265921	0.815609272143671	3.44172729179263	1.6876535874126202	4.6290956184268	2.05112123925771	3.9058229933892	4.814341833808331	-2.3132111374288797	1.75855669312711	2.7697600744664705	2.67690485620073	2.0369524105585	2.59815516003541	0.7020046024450229	3.2874096340366803	2.48562696073703	1.9231972804825201	0.6108751648604599	-0.7955872559088409
7945ed12e8c16433888909725ba680d7	-1.4480380932866999	0.474651196798576	2.5894130764263	1.8536980706666202	2.13908876106143	0.31434969718434996	2.81219822615385	1.81404352624502	2.4577667723808996	0.9766967799448009	-1.76065891422331	1.4268296652340502	1.2347068212926398	0.648118196960007	1.21340981564884	1.73709072598389	-0.11926395605717402	1.02708658639874	0.633259082776827	1.91198683889317	-0.302385414248731	0.104876205967074
afac895bca45f4f94b0aeb994bac629a	-0.20669028862113398	-2.4884085861833	0.652963071848665	-0.670246784069708	-0.18582092598080602	-3.18865449612162	0.32060438841581396	-1.05474662344371	-0.390408276447228	1.02737789414158	-1.01037471927702	-0.10193124480013302	-0.113856849819422	-1.06737929678389	-0.0918260470830967	0.624819893922124	-0.634821722017867	1.02394470636334	0.18949296568087998	-1.0859146007735798	-0.9307938760578901	0.4969566321832
8fc57b0a056523b5c4a2c9ffc1188a97	-1.33299612208003	-2.31671287695478	0.584579854990754	-0.762751285412482	-1.2977903969585902	-1.3897676009418702	0.519280974566937	-0.9232640222779341	-1.09057736290353	-2.8666429016805695	-2.29140632785857	0.751211493542152	0.220451297610998	1.4297425141292	1.2141064747369699	1.6508337450878998	0.484405687344926	0.852810711307185	0.8377697715585649	1.49666548879551	-0.563765311843183	0.521285221622592
cdd363405ed482776e9de1e5245448b1	-1.2332728426038702	-1.69333281199049	-1.65904268643686	-2.83546084580677	-3.26484488323331	-1.24040980522654	-2.52981417924166	-2.02337312261973	-2.3880000103797205	-1.4764320347524598	2.05424482189119	-1.31257882780795	-2.61175757423043	-1.7913473258061101	-1.7784281627142	-3.8609772729022205	-1.4932468623987298	-3.13517227705036	-3.39646265413113	-3.23730825273586	0.0675402039229605	0.42234496836484
19e0bb2b8eeec409116533b068261cc3	-0.294064893859572	2.8712109120695697	0.56646671869925	2.62813216032726	0.555041443556547	2.14893202598074	2.0572806045413	3.6641802831419903	2.3831818114433996	5.08387499115696	-2.10348289646208	2.22016557984586	3.00195974335074	2.11670845651201	2.54033080182437	2.55571474560669	2.88034265328731	2.1273182338901897	2.78232410047702	1.28675557287144	0.8238168114363879	-0.5567011379736609
2012b082f259104f405209c1452ecfd7	0.319220789235884	3.18482384999682	1.6273497638957801	3.6779501992676904	4.40813411399722	4.745614574503691	1.4687090560793898	5.419578079772849	1.7290532599602402	1.81999998352756	-1.4225985351949901	1.66249212556119	2.2828592680394597	4.08165091180376	1.3052910908258402	1.9629842234509298	2.71991365243282	0.7871073192783772	2.66424396131687	2.91583729894566	1.03960899054405	-0.8533412956732459
3192ed8ef0fbbeb4b598cd5c5afcc823	-0.8351048152028979	2.55503640492846	1.08193340876273	0.7924831468079772	-0.0163434632122517	1.90428929145315	0.625127379596234	1.25928354699697	1.20151162253959	0.590235045173072	-0.20349186100065697	1.74569353394743	0.141613902896642	1.5448676934199699	0.870728884557528	0.823837895478521	1.3354841976293501	0.8886288112827709	1.4692414054697	0.29408599050449397	0.33063903986809007	-0.123326733066434
52f2b86908624221df8647aca0f27d4c	4.51501870946293	4.10534653981615	6.00739231684378	4.26546221556408	2.6913281790912205	3.91939310843923	5.680547301471231	2.91305971582021	4.21324372398002	2.7621720340036404	-1.84260099567473	1.95169481568571	1.5555438421666599	2.77482622766069	2.75356093488101	2.46540083416871	1.87692420770015	3.06031307641949	2.1634233245676002	3.4397764316360897	0.9324281567275259	-1.3644721054571798
db5e6cdb9b2c6fbe3684d2b94fe5ea2c	-0.736622653442568	-1.21946110407423	-1.77130040547677	2.33797484221203	-0.35174022987484904	-1.50314326469919	1.37564331740141	-1.01079463522349	0.96650481330497	-0.0951039288259512	-0.8306018654257059	0.7348445349239879	1.32314485535026	-0.0053775916142120295	0.7607912167108491	0.192794461335454	-0.65973407934819	1.3216432041355501	0.351773525220675	-0.7829279789168921	-0.0243410712540415	0.16825835470975
595b5b1bc348319c95cf95ac4d365436	-1.70369385882015	2.69197402318407	1.86477366068533	0.622343357226678	4.04041446372867	2.9058361511943596	3.64044529646635	1.5449628873595198	1.40313267814262	1.34660606644382	-1.7385665718466001	1.8002284460568	1.65062803253531	2.92502230310014	1.7573618038690502	2.74705328473023	1.73064201165523	2.33929762308087	2.66440990064792	2.9728460422317897	0.8570723885237909	-0.538335874034757
bd8101a6c827fc59664a156ef66a3828	3.97261691884404	4.711589673361081	3.51650276758841	2.19296770872814	4.428869854658839	4.78215174491384	3.1643291160464306	2.90458536584462	5.157119036785191	4.92654733917942	-0.16569536365568602	2.07981905274625	3.74821847900748	3.40898913049272	1.8463586910760803	2.28639616497925	3.2327152996191	2.8721474117466403	1.7411935577219	2.65795518072056	2.18209294020531	-1.8864869617956799
8acd9853890798ecbe98715df7a0a677	3.34045792416936	5.16927037557055	3.7907690105693703	1.6930926400635902	4.45877803489566	4.24244646842458	5.13113743513823	2.9961791082152303	3.52086377250297	3.71448450348606	-1.07784670032561	1.51777300172086	3.6799268148839506	2.8255855431514103	2.30683270535831	2.20772137173585	1.6330448894628502	3.07502541009869	2.26306274030857	2.61948109777378	-0.079222167140272	-0.974418833209867
255578f5d3aaea3d0f2c04461d100af5	0.152757890981489	2.3559134991972597	0.352216630961213	2.9503558236573397	2.10155547782779	5.30610136802175	0.561085765063763	3.54196501214589	1.8869183074150802	1.0952847506784398	-1.18189495243132	1.12334617905851	1.6360706709325301	2.50516337060503	2.36060038648014	0.169684071625982	2.08195464898433	0.8302758640476641	2.0978844413583704	2.22010708959507	1.04173258482811	-0.693920566989774
c192427b4464e1e6518e606baebdfcc4	0.954218753141218	-5.27655234018873	-1.8897992076618302	-2.07753819642322	-1.9188316948711899	-5.56640972082636	-2.38091033250093	-3.48536777059947	-2.8783998478736206	-0.0770184490896231	2.59772974811494	-3.17433396048312	-4.23173266425729	-5.551797420744379	-3.2000046626531695	-2.55204186907836	-4.67823144208108	-3.2011584335139798	-3.6119932880575196	-4.62870990125729	-1.26103988266217	0.8022051907044699
ffb96377139849b1ff170a8d71ddb396	2.91157770947819	5.02381024678637	2.94836273768118	4.1089852410767795	3.4063049666583503	5.59384875113943	2.2397876426577596	4.126639847350971	2.5608503829155698	4.12159376404514	-0.262274915352464	2.63198217683073	2.88690084442496	2.2318183770137203	2.45853701672916	1.6974069071667501	3.230448415769	2.27236780588116	3.1209690818613	3.09270192296909	1.4628448837935701	-1.5011696362036397
634e4c7b48dcbd5f4ffe22ecf885f34f	0.39925957517033206	0.7713979276030191	2.61105909922293	1.7570756036256001	1.1986829154193401	0.0480571251628659	3.40463406294584	0.781768803192037	2.17685341941459	3.74043779633274	-2.81059234775603	2.5146888189816	0.576793613284826	1.1173450341182098	2.7510336979425403	3.04044737347535	0.9612447528966829	2.05965933267559	2.3432109603708198	0.9589219203750999	0.16716901003715698	-0.23652572865664395
e284982a9e101cacbe436bda97144ad8	-0.273615292745775	0.0522950681059489	-0.8576990070087571	4.05326777281506	0.9149834029376508	0.0227294426677487	2.47206742018461	1.80341482598867	1.2493422042046298	-0.823013016960717	-1.83570736087859	1.21486219697233	2.63716787323356	0.7318250527339331	1.38390532575016	1.3477937174694898	0.8828102855810099	0.17480835382427498	0.9053118476694051	2.12838984640049	0.36370340525505296	-0.181890680744047
c704107a9b045b2d7ed07ca079eae6de	0.543429799836927	2.27948603948046	0.6820725498454909	2.7139437753175004	2.40940440818667	4.689116046976831	2.19114357680082	3.87579203088369	3.4762623320732797	1.81925039551487	-2.05846660770476	3.40538152985807	1.42336172088981	2.80941790246538	1.81172886929874	0.975040097321783	0.7089325695165559	1.43187746469464	1.51188256834201	1.51627684743809	0.782775198811266	-0.539398863269681
2e05bf111843a4ac9fade3f484918a75	-0.0608952562391226	2.96969065984179	2.44967928507498	5.50415259184582	1.7799073569476598	2.04544596488455	5.923000876605509	2.0434713407286598	1.82156205283744	1.99686174652805	-1.80818479694426	1.54567083649869	2.86757177338004	1.2064229836421398	2.2688492878473197	2.4723750544445897	1.9642416744359898	2.64052471582379	3.21156337354831	2.80321885259556	0.054648911350939	-0.4865471863287629
d4a9aa07c6afb50b86d5f47a4daae372	4.09237027959233	3.6067999394743597	4.17848053553275	1.47367697539074	2.3809982649982	2.3484936218974903	6.02400833815336	6.200646881652731	3.7151548873101	2.55445986054172	-1.6234771553426999	1.31287416749235	4.04922861084342	2.6041442742305096	2.33618250928287	2.65685476788453	2.1528145580419498	2.13044580881085	1.84767797086887	3.1774473300735897	-0.977626735574034	-0.704453184558744
2fcf2f6dfa8b8a33e6ee0dd44b56c093	-0.167947969871706	2.717979291281	1.08667650797537	3.20914965452892	3.13085616752505	1.95764641578176	6.057926718890669	3.3648123784789004	2.45662522422416	1.4065106417917201	-1.76271742023528	1.7499497824215502	2.2054213903844397	3.9286405434565896	2.4642390354669503	2.4147120905774	0.946746042264359	1.02406010095562	2.8451483497446	2.92514992864536	1.00966981589195	-0.720574572040433
2be90cc9bd2811af7cca6bc28463b176	-1.59339450998897	-2.4563287703187298	-1.35651597401926	-3.92557472405689	-3.3145365603268098	-1.2388743895771201	-4.38868826180696	-2.08471655409251	-2.40869140518563	-4.8474758360601395	-2.76398533023894	3.30832990937467	0.381364765018224	2.45137995385698	1.71692696652774	0.7221800280468801	1.7425109653600601	0.49442705575909	0.156039501172823	2.5322103610794504	-0.16894694626929999	0.567758367107516
a759a10943c99bcf0b159b97a3d43390	-0.242732911843008	3.4689549001066804	3.60222092249564	2.44881659331066	0.371850620955229	3.9680810433147204	0.104703967273235	2.9396910711058597	1.5111877928887099	0.500084688880348	-1.4577848259359598	1.45379766755338	0.913221778720617	0.300486265655075	1.51096049390201	1.01533283718995	2.0204540996679197	0.18320259515728302	1.63428094480686	2.0528578868668004	0.31823900877830696	-0.333152964069242
88c48e47c29ee10ec5dc054854a2a517	1.43502355412846	3.12751803716112	6.64142265894583	1.95061140837414	4.84395183250308	1.7921543579814698	1.40242296904326	4.83004618127431	2.7127630721245497	2.10238771698704	-2.24852817691863	2.20718511872526	1.8872045896947398	2.46479529046587	1.14824048123722	2.61650290020875	3.16932075311031	1.6738961643406298	2.06031444166355	2.8173847308914604	-0.290820742255476	-0.5010082268255901
c476a045b42b30e13d8a25f4b2e5a226	0.358522899907881	0.887318471273673	4.24485912897757	2.36784773649914	2.60459054633975	-0.15793748085520098	3.3579869911074596	1.4158582731017	0.44730115043265506	2.70411043427219	-3.19846981205046	1.6554196768307299	2.14741701111197	0.661219774718796	1.71831074796085	3.27892889508179	1.0836250095495201	2.09185251657452	2.95769813154392	1.03993226201939	-0.5978403931916031	-0.020485475017423
aaf1f1232737d9346ee18017a76d7027	-1.06263505621547	1.19707665761401	-0.125862688039031	3.43691283049328	0.821575295180082	1.8548274498699	4.09583145827055	2.78335905511464	0.350425006023475	4.46814184448948	-3.38481014408171	2.2347243719601204	2.66784852966666	2.16607731484941	2.3889149769342404	3.3201419306652897	0.7981664447912149	1.09189114038433	2.9514954337900097	1.60723830373692	0.568904554241869	-0.281808330966825
7ff9de602de2341ce096cf3b30404f51	-2.50884985132808	1.4101594479887598	2.42476597407034	2.02787047209484	0.8703180663287641	3.61534170920828	0.505006854236126	1.1533298536070802	0.19516635047538	0.0659039523385996	-1.09938114322722	1.08211836152311	0.42499679550528496	1.11854475640825	1.77295819363956	0.145025868500982	3.4542881755956603	1.8484881824680701	2.04656198118381	2.47519017370152	0.44755557715294103	-0.131521060420865
27855451d704f0e78a81e5f951cf28b1	-1.33288418455715	-3.33354272524427	-3.2388397159321	-0.620024387219122	-3.5931618101894904	-3.40637440865061	-2.24713271409273	-1.11871003668223	-1.67229485405343	-2.4493903610921897	-1.44490783847868	0.5045274191402961	-1.6112917043268702	0.8493034234004359	1.32470742307071	0.15470232495239802	1.2893468647130901	-1.8288086944392699	0.17204501722506899	2.6090364566604998	0.0334796065032217	0.483239040420657
3ac3f4c7c45515628515b0eacf5170d5	0.7735682805002271	2.66791186650683	0.809728532816682	3.8848603326295095	3.3651472441852097	2.9548125725505603	4.62448555678129	3.57892561395253	2.95750165092094	1.2841275241159398	-3.0281054321676497	2.35364565186735	2.72596448883414	2.14921444558672	2.58036032758121	2.45171656140259	1.15460460473384	1.48523983423199	2.23533465955905	3.53450680883335	1.34117082297203	-0.8860587620276159
0440f62914d9cbd3fab890f7aeaf4ea9	-2.23084663553829	-2.48764481226514	-3.57437059304544	0.11761122526867099	-0.8332446701824671	-0.632197095799659	-1.7893528297543502	0.508395199371236	-3.0681874741401	-1.91916913726101	-2.37286060489714	1.29502138428922	1.41514724716544	1.65260571145586	1.98937169156436	1.35068287381104	3.1959416179784705	-0.13218036230121302	1.73365666959934	1.0923338046829598	-0.15487476647498902	0.45322780375302396
3c65649e78d03870d3d9c3e87a4dac89	-1.33153700037593	0.00827799161363929	0.0876745281474927	-0.0021330755736146396	1.35145057365298	1.40489439780691	-1.76190226823091	0.28117084939565	-1.07605481041329	-1.3381969425893798	-1.5920731369406	2.4774278097652997	1.75432628616691	0.636011301513229	0.6144546612298921	0.0579792452710013	1.6428663044103602	1.46340975229229	1.04686811063938	1.5050721278946297	-0.237186039096144	0.208061978862887
38c1ed7ff76070283f0883b6ea0a84ac	-0.0194322983800833	0.38109193166185706	1.00454321482352	0.843174274585077	0.9903584830462929	3.46251730735281	0.819466178119183	1.5466103597411103	0.6481354247246469	0.479105761268043	-0.797735387459397	2.36523088746305	-0.9197922326624399	1.09884422921709	1.2082265957391698	-0.31290946475097103	2.08267896462764	-1.08526149328266	-0.0581056823904094	1.63502074392246	0.8027108067214219	-0.35649008984743996
1f4a324ef8f6601b58c6795683220cc0	0.46619284943943606	3.36759744008471	3.45850029566458	1.23524885954601	3.6876274459064002	5.46077399070242	4.5214229270815895	3.1599688573607403	2.02319407569511	3.9307549502634003	-2.35995739139616	2.1511796408199797	1.91045373901725	3.3110572686152797	2.28699723325138	1.5579592181103603	1.63289277840938	2.39132389490094	3.08400371168308	2.89238835485386	1.23018578230736	-0.920543863727445
59762beff7168035d696a22dee602eb3	-0.0224168817579214	0.690557816824211	-0.36416491887399205	3.40045481505139	2.27373326942325	2.37206272895315	1.2114406272769	3.2079110189208	-0.35794997108834103	-0.165840337059594	-1.33046644367278	0.943479388287025	1.4840716741979099	0.8714906563716279	1.69869986615543	0.42708029278687	1.25017707635249	1.17954954568829	1.72112920377902	1.88124467046665	0.35676542460319705	-0.289921715213651
e60e325f10839a53264d636e2298becc	0.45004458026295296	-5.430670520463691	-3.90698394200632	-4.4185633104826705	-6.55045734718442	-6.2531648415806	-1.69913571625948	-2.21817159216319	-0.58706545723336	-1.2615057919241002	1.92883998714387	-2.0249606675601397	-5.04995691552758	-3.03477770185896	-1.6479280845129098	-1.52426896563598	-1.9568868369928403	-2.21781769331012	-2.11515424157925	-2.17569159357143	0.0506093853652212	0.43084351782620506
0d0073729144a6f7739e9d73084c0efc	2.07101870374089	3.16736255010058	2.6265706119792798	1.4562218743775601	3.6334272734820803	3.00471072013357	6.25362641066313	3.56262159783925	1.95502543555839	1.8262990023874301	-1.77117555774748	1.84830889039274	2.49055713638663	3.8011581292109797	1.72427741132144	2.1676346255200203	-0.216197320925338	1.74579224054303	3.35566260908298	3.0714216342728	1.32920864760277	-1.09906311268985
372ee5fa8367d5632ed3b8ba0c8becfc	-0.60094390018577	3.24667916615893	3.7671340999858702	2.8890507775758	3.0859924666583503	3.4259868126628703	4.72316986769438	3.26356745202627	2.01204085456474	3.3942387606882103	-2.8430239502340604	2.3162158422970296	1.6540154837071899	3.0449029793696702	2.26117030225162	2.49660124310425	1.1872011928686101	2.18209442560162	3.21778419111423	2.6735096088211403	1.11290243803856	-0.7568299316900909
8bbaa1eaa1f6ff2eb1b3995fb2e62887	2.09013939694768	4.03374562581469	0.691722780253206	3.81381922545178	2.55922855064273	4.76509623343923	2.14539295881987	4.78760099847402	1.8719980727348997	3.14571886322727	-2.41470878757536	2.4919541769527997	2.4136723898351202	1.11231535577348	2.5061854465997597	1.23141397961548	4.5115820675024	0.7165063327976641	2.61460235212497	2.8333187213699706	1.59515193640587	-1.10618443722903
b65c79c74a2594bc47a32b9e245d42df	1.9257195074976001	3.56351886113573	1.6977542934673202	4.76433878721935	4.61497558280826	2.8390698891399198	5.559536521136759	4.479248528076071	2.93702912437064	2.10925798676243	-2.4727570358663797	2.26089319520231	2.7469729803502596	2.90001410150102	1.91274920544986	2.9516812754528905	0.9032828121313029	1.35644611780133	2.717590595228	3.50280190618443	1.56409767805931	-1.19384641881167
774c45094cda1b8dd6927b5286286851	1.1213493426263899	-4.771080454984411	-1.32571181676218	-1.69099349198597	-0.256681311875582	-3.67904628698847	-2.2895073249936098	-4.50148129026805	-3.22669315231698	0.0815008189462656	3.01220924220979	-3.40721336073641	-4.35218447223306	-6.01689243412444	-4.214464034219939	-4.29814253321716	-4.02103335570012	-2.33760324056659	-4.34540245439358	-6.24426494924618	-1.20492465630772	0.6716131425362879
d3fa32edbf0bfefeef92e5aa73aa8afe	-1.15341161890621	3.3500860722868597	2.56722870447806	1.04824095549328	4.04083980247378	2.7858663063762403	3.95695454329252	2.76500368554677	2.9093410979424195	4.9185183551096	-2.33184402622283	2.99976858430143	2.4548153303563596	3.10564058923296	2.3422879322565002	2.4124680949108903	1.3606812267431203	2.16232809488262	2.20826509092502	1.65239430578159	0.7409664744078851	-0.5710091137427039
6bad5f0f2484248490b4c83c6c96e2c1	-1.16814129753704	-0.4005722014100421	-0.3741546573383471	0.6495426255677429	1.67124141380191	-1.2209634322407	2.2923761054873504	0.147240166259664	1.67613387214286	2.8809741046213104	-3.0839220825582703	1.51031050019498	2.77151292786002	1.34141892098955	1.63854733548526	2.3081208659069903	0.9217116146215371	2.65513405267681	0.15802743528537197	0.54827214391636	-0.47060933173301506	0.253601238773471
9309055fb48fd73d46b2d45aba41a9d4	2.7779872496545805	3.68267188390185	1.71140757181815	5.09976702513439	3.92423404380679	2.9559288483379103	5.306022231280799	4.162680153442279	2.2142193328057003	2.16047888062229	-2.11432903446257	2.18417486481901	2.63490671142936	2.2838494172053703	2.5751380070245697	2.85975946911744	1.1344620494970301	1.4859322017857	3.1126530418222402	3.44851685674595	1.76593617140648	-1.3635837578314498
6630fb0bce391a5ec1dc67ee0b618f6e	0.561045952600294	-2.28413381258558	-7.526517480824679	-5.931536380627331	-5.74518911913037	-2.4379257697346004	-6.09719523340464	-7.1441128210297595	-7.463248251804281	-5.07081563212643	3.90143400989473	-3.8305725163913196	-3.64748281016946	-3.3710296759647997	-4.66718062319394	-3.27934370509216	-2.35896784971867	-2.0262710147670298	-2.48176214601346	-4.7356819996078094	-0.767670477038648	0.805499539421206
f58ef02fd3fe4f8f1c8ba13a3e205697	-0.17744956119651198	0.827160218557609	0.0520915088909009	-1.57298916993397	-1.2162502892315399	0.20341543967702602	-0.0319122627377508	-0.20344018499766	-0.6841471184577261	0.47362356446018206	1.09753496013582	-0.0510231561160515	-1.93377452865243	-0.0879700789494171	-0.109101380487638	-1.2512358235461398	-0.19917423437748605	-1.04946628149067	-0.28862926866360306	-0.8625616916854469	0.256636654728625	0.0518542981606775
35e664abee6f84a998c572c4eba806ed	1.00647950963383	-5.301178595224131	-5.555367559407441	-6.46484712181347	-0.944392073899508	-6.324378563809611	-1.86923998147249	-4.76679598848735	-2.7331981648291896	-0.521194169304467	3.44699460826814	-3.5667790479159804	-2.77733713164926	-3.1068149218601797	-4.228977169176299	-2.6833997773272698	-4.41875849078809	-2.31855669553791	-3.7680717458898596	-5.392172936483151	-0.9008532410919928	0.6380804038506801
58490aa96b5c09f7ded101294bdf0ace	-1.32032119436855	0.885959485372795	0.31947603800467	1.06697827162487	2.00573552772403	-0.21360488121530802	2.22134167402983	0.644838814330953	2.8286888610039402	4.580938627936741	-3.5905024353414796	3.2296136312984998	2.95478910431266	2.39923304223589	2.22254553876285	2.97776808270386	1.8676897792943898	2.60476097528424	1.5544817695444098	-0.14861582605434398	-0.240828359729078	0.0504789805871302
317faf40ab70262d43978ca7d1f1509c	-1.86445628805751	0.70364604314257	1.10597839930228	-1.39124125657337	0.554986607283354	-0.0162047881366947	0.299563948810101	2.1054582639464297	0.573348761669227	2.5754349734567596	-1.8855969253927498	1.53624090485807	1.28057283386588	2.67246550225786	2.66682139478092	2.07954039105347	1.8965946941503502	0.14389023248638502	1.4566219100778501	1.33352805288242	0.7898164147078729	-0.23901195759951502
2500529b5a1bf49aba503fe02f9a254e	-1.08059763117427	-0.9563030211121909	-2.09123668095895	-1.9087631147887	-3.8677544482052304	-0.12731309120676298	-4.39117055684328	-3.6318792061082	-2.91030025375741	-0.9386569950796129	2.7446926292032003	-4.35153952307467	-1.4971252061426599	-1.67033034658858	-2.23882397570248	-2.09634719363281	-0.8773442001215049	-1.45048442419086	-0.029277538316922997	-2.1009669193465803	-1.78684302628639	0.8564382052880579
4ff24fc8bbb1263940427ba778d2367b	-0.643231503206438	-5.63933851400922	-3.79008802792856	-5.5997371119047905	-2.7346998341381497	-3.38147528355143	-3.0833374813199	-5.23643275658999	-2.7061989296759905	-3.59803695418606	5.7487643416970995	-5.22398307986025	-3.46453910842538	-4.8134769806904405	-5.29309102453824	-4.959846596632691	-5.8596456737390605	-3.87777700956379	-5.55018108095475	-4.817456472798121	-0.8216319626629621	0.771385953472262
b55ffa853e1d1336654fc78d36220572	0.160245605272108	0.09589324315477699	-0.034338563893522994	3.14009409727795	0.8088175170123578	-1.29977054779551	2.67355496138334	2.4784064336546803	2.62926507102592	1.8517354037546203	-3.07036655582488	3.5222857885861005	2.61143774017692	-0.693347276215042	2.15904656491642	2.5213376475232003	0.7892162113317421	2.42487225000347	1.47930982206516	0.9771599880020531	-0.64514871895912	0.139610335872775
aa4d4cee134211ec1651b7945446ad0f	1.50586117104893	1.35650048573901	2.67514505961112	2.42661505522473	2.79799903556705	1.3975196343181397	3.85274178236723	1.6218814893492601	1.6373946677361202	3.7350390460275604	-3.60550945438445	1.9804213934445	2.44040197357535	3.0927202095942796	2.27578965268497	2.36213316449097	0.7048689632543491	2.8418482250401	2.22054460142307	1.04029799611973	-0.258072817927625	-0.28388328786074607
cee0c2d0772e538f63a9fc1c922381e1	1.70396781758671	4.92119298299242	2.15388718226126	2.92481451811535	4.038942944258451	5.868686245035911	1.99571425169706	3.46147108514394	3.99391961204154	2.77740221283665	-1.51916998066008	2.2676394873165697	2.6260327719152	3.46703070306352	1.59206048093204	1.42873157986573	3.1329190044530804	2.0994385189243703	1.99921395872287	3.8422508350174303	1.51680902182457	-1.24891991849124
a557f5948fd2ab3d8f8583c85043872a	-0.504880539613909	2.43095670064379	3.16205158808402	4.647341068408321	1.53768504783511	3.12312416846731	1.34518677443266	4.79421663720693	2.7399446974907593	3.2362416293405496	-2.4979845825582703	1.9971984320187102	1.86676305755973	2.03489655160478	2.36778155408267	1.71342672833375	3.17145316888179	1.16631826822247	3.42481544111423	2.26313973577427	0.9129562729537221	-0.6049634956854529
0540188cc86768c48a1b80c5ec04a107	3.19883180455571	6.929307797750719	1.84067478754691	3.1905854302857595	3.18312991783023	4.76917700583914	3.98647934645414	3.6264967962035097	2.55002617942435	5.23902540467014	-0.8260366264730691	2.54104074769254	2.2473763845861	3.90789335870317	2.48911658368473	2.0767370654004	2.5941421299108396	1.9327124065586498	3.13720347974948	2.27716256292271	2.5060894840895895	-1.7929353260534902
f65150a4f1fdd4fde32f5527dd1a75ef	1.8229899485529	3.7455347569792403	3.0779546795146797	4.6546176034425	2.0842977873981003	5.132303760599879	1.8039971038699198	2.3313288732298796	2.7670595656548196	3.15704756043186	-1.95556610263884	2.4824956350826803	2.7754897497594397	1.84466713571123	2.66883936963443	1.1187478495495702	3.1422297268041497	2.74332794610943	2.57832076643161	2.65328313024448	1.02220252692101	-1.02911539311587
c48582949c0021e011a7b6152f194793	0.463023014825636	-0.545111796060311	0.870234399821077	1.3250830728028502	2.34179938957095	-1.4473378199817901	1.9755306884646398	-0.23414516012583397	1.2965271483574599	1.80292778275242	-1.23053043521941	0.511653750469642	0.936222495883703	-1.0365093359989799	0.137396727422519	1.33503736981324	-0.931917259203536	1.80040869180645	-0.0182192077810344	-0.56042097894741	-0.132268512851026	-0.0331710123556799
985c7be743a21455a84b3a2fda5d2d27	1.38518369988804	0.263002255758537	0.48533764460257106	-0.340278331616095	2.7719475142657797	1.21132759864309	1.19181687086821	1.51145935494985	2.86242699729545	0.34900217316379495	-0.919477159157395	0.37211117081876294	1.03168624863028	0.8182813515620581	0.10951367459659099	0.509887356843267	1.30418317605342	1.4724625057407799	-0.21189901735134697	2.20276738317417	-0.16000374615791102	-0.22032220597445398
76472cd61701bcfef12f0e56ae4a2245	2.7858929713190097	3.9400948079436	1.8688105640666801	4.94502192320568	2.75197375938296	6.603860424113059	2.9365764304995494	4.73197317559804	3.64150261985404	3.43753366730442	-1.84349792636931	2.16057619385953	2.5750264547765296	2.80968111657671	2.6035155399835497	0.929627080048833	2.4773351459630897	1.9948762363621202	3.42801787946872	2.84331036718296	1.89416936575768	-1.4458264851111102
8b3a84de5ee8f40aa4350c850bf5172f	-0.350888640160805	3.2403043301909102	1.6736244259136102	4.69743662657482	2.62900460883975	3.66573862845876	2.99049240797758	4.806478027892959	2.37582612144096	1.91692762634983	-2.0156847778707703	1.9891665869259398	2.55946630463004	2.21486395501665	2.6744889362848197	1.9551092577832099	2.09386747170772	1.5989898151585	3.73498084638767	3.19134904058384	1.0177669876754	-0.776894285632963
cbe6d32ca7a479a71c4fd50e0b9d980b	0.352651961606794	-0.41274799982618	3.8868049679057903	-1.61029833970325	0.47027600929141	-2.6264912623646	1.1883316680788998	-1.6231028990021799	1.38074517356498	1.3283308055185301	-2.95511501468718	1.59867605500455	1.00268882736564	1.0616704812007298	1.51861468396549	2.3746701670544503	1.26126163293208	2.5024555629917598	0.323773170453829	0.252799045161477	-1.4517554438174	0.480595216797
8a48bf9639e05c7114dcafbe69a2a87d	1.67801047162419	4.1657207997648795	1.7401703892009601	5.44242029967053	3.9246260039508303	3.37885050590017	5.14184815138578	4.788203720641991	2.4302399169121496	2.33380537293186	-1.2409598175436298	2.11350378327604	2.29417652115226	3.2544910302119603	3.01361743054752	2.7590142680066	1.7372314243444398	1.0375874942966898	3.08318927381687	3.4555254092972203	2.10362318693993	-1.4635843777197501
836509073355ebabaa962a5c30bff503	3.2125105936944998	5.066326955160389	5.73981896021536	2.81158667387707	4.25933707877994	3.3415599327800503	3.8643718406557994	3.3483748479613196	3.9899704466973	3.9568999316476803	-1.71905773319304	2.16353067689176	0.575010719150304	2.7859575142817796	2.304803286413	2.85691275128296	2.12880819131221	3.6366165584751498	2.9435522804086602	2.69896317632603	1.54153183638451	-1.42312546010196
9b40ea06cb2c2f75122976fb2a675732	0.334926315110975	4.892888882955799	5.20060959437064	2.1554740029786297	2.36906446143985	3.6061931114909904	2.66481072157621	4.39644670922841	2.44800877677543	2.05736761353245	-2.3656460586935295	2.7329553061031904	1.50260490402579	2.6698448052363704	2.2509688480890198	1.85489048489502	2.39566819955196	2.04417547647442	2.55510547254733	3.09439088018345	0.54635051428673	-0.669173672153348
8ea41924fb447cff86851b740f56d337	0.937899239820295	3.68896470387865	3.5895580349224003	3.0777381020997296	3.2698131911456603	2.9529924851177003	1.8071995422244098	3.50153303582753	2.6108572493706403	5.37623911164036	-1.7516485992819097	2.1389735632443	1.19993585571647	3.43729895257524	2.3135646923578195	2.7578135920422406	2.96711843301143	2.50514015619244	2.7294895896738	2.02568532140659	1.84680083929894	-1.22151131863772
